{
  "version": 1,
  "width": 91,
  "height": 36,
  "duration": 38.068849,
  "command": null,
  "title": null,
  "env": {
    "TERM": "xterm-256color",
    "SHELL": "/bin/bash"
  },
  "stdout": [
    [
      0.084838,
      "\u001b]0;werner.local@parker:~/Sources/git/miscguides/chpc/blast\u0007\u001b]7;file://parker/home/werner.local/Sources/git/miscguides/chpc/blast\u0007"
    ],
    [
      5.2e-05,
      "[\u001b[32m~/Sources/git/miscguides/chpc/blast]\u001b[0m\r\r\n\u001b[1;36mwerner.local\u001b[1;33m-> \u001b[0m"
    ],
    [
      0.789682,
      "blastn -query test2.fsa -db blast/rna -word_size 11 | less"
    ],
    [
      1.992172,
      "\b\b\b\b\b\b\b\b\b\b\b\b\b\b\b\b\b\b\b\b\b\b\b\b\b\b\b\b\b\b\b\b\b\b\b\b\b\b\b\b\b\b\b\b\b\b\b\b\b\b\b\b\b\b\b\b\b\b"
    ],
    [
      2.071918,
      "\u001b[C\u001b[C\u001b[C\u001b[C\u001b[C\u001b[C"
    ],
    [
      0.823939,
      "\u001b[C\u001b[C\u001b[C\u001b[C\u001b[C\u001b[C\u001b[C"
    ],
    [
      1.36795,
      "\u001b[C\u001b[C\u001b[C\u001b[C\u001b[C\u001b[C"
    ],
    [
      0.415922,
      "\u001b[C\u001b[C\u001b[C\u001b[C"
    ],
    [
      0.232135,
      "\u001b[C\u001b[C\u001b[C\u001b[C"
    ],
    [
      1.919973,
      "\u001b[C\u001b[C\u001b[C\u001b[C\u001b[C\u001b[C"
    ],
    [
      0.320026,
      "\u001b[C\u001b[C\u001b[C\u001b[C"
    ],
    [
      0.823826,
      "\u001b[C\u001b[C\u001b[C\u001b[C\u001b[C\u001b[C"
    ],
    [
      0.624342,
      "\u001b[C\u001b[C\u001b[C\u001b[C\u001b[C"
    ],
    [
      0.751889,
      "\u001b[C\u001b[C\u001b[C"
    ],
    [
      0.191854,
      "\u001b[C\u001b[C\u001b[C\u001b[C\u001b[C\u001b[C\u001b[C"
    ],
    [
      6.26431,
      "\r\n"
    ],
    [
      0.000892,
      "\u001b[?1049h\u001b[?1h\u001b=\r"
    ],
    [
      1.141268,
      "BLASTN 2.2.28+\u001b[m\r\n\u001b[m\r\n\u001b[m\r\nReference: Zheng Zhang, Scott Schwartz, Lukas Wagner, and Webb\u001b[m\r\nMiller (2000), \"A greedy algorithm for aligning DNA sequences\", J\u001b[m\r\nComput Biol 2000; 7(1-2):203-14.\u001b[m\r\n\u001b[m\r\n\u001b[m\r\n\u001b[m\r\nDatabase: rna\u001b[m\r\n           42,433 sequences; 120,903,795 total letters\u001b[m\r\n\u001b[m\r\n\u001b[m\r\n\u001b[m\r\nQuery= NC_001318.1 Borrelia burgdorferi B31 chromosome, complete genome\u001b[m\r\n\u001b[m\r\nLength=34930\u001b[m\r\n                                                                      Score     E\u001b[m\r\nSequences producing significant alignments:                          (Bits)  Value\u001b[m\r\n\u001b[m\r\nref|NM_182976.2|  Homo sapiens zinc finger protein 326 (ZNF326), ...  45.4    0.087\u001b[m\r\nref|XR_113160.1|  PREDICTED: Homo sapiens hypothetical LOC1005068...  43.6    0.31 \u001b[m\r\nref|XR_113175.1|  PREDICTED: Homo sapiens hypothetical LOC1005063...  43.6    0.31 \u001b[m\r\nref|NR_040254.1|  Homo sapiens D21S2088E (D21S2088E), non-coding RNA  43.6    0.31 \u001b[m\r\nref|NM_017919.2|  Homo sapiens syntaxin 17 (STX17), mRNA              43.6    0.31 \u001b[m"
    ],
    [
      1.7e-05,
      "\r\nref|XR_108864.1|  PREDICTED: Homo sapiens hypothetical LOC1005063...  43.6    0.31 \u001b[m\r\nref|NM_172250.2|  Homo sapiens methylmalonic aciduria (cobalamin ...  43.6    0.31 \u001b[m\r\nref|NM_199511.1|  Homo sapiens coiled-coil domain containing 80 (...  43.6    0.31 \u001b[m\r\nref|NM_199512.1|  Homo sapiens coiled-coil domain containing 80 (...  43.6    0.31 \u001b[m\r\nref|NM_001005747.2|  Homo sapiens calcium channel, voltage-depend...  43.6    0.31 \u001b[m\r\nref|NM_001005746.2|  Homo sapiens calcium channel, voltage-depend...  43.6    0.31 \u001b[m\r\nref|NM_001145798.1|  Homo sapiens calcium channel, voltage-depend...  43.6    0.31 \u001b[m\r\nref|NM_000726.3|  Homo sapiens calcium channel, voltage-dependent...  43.6    0.31 \u001b[m\r\nref|NM_153712.4|  Homo sapiens tubulin tyrosine ligase (TTL), mRNA    43.6    0.31 \u001b[m\r\nref|NM_000868.2|  Homo sapiens 5-hydroxytryptamine (serotonin) re...  41.7    1.1  \u001b[m\r\n\u001b[7mlines 1-35\u001b[27m\u001b[K"
    ],
    [
      4.873431,
      "\r\u001b[K \u001b[KESC\b\b\bESC\u001b[K[\b[\u001b[K6\b6\u001b[K~\b~\r\u001b[K"
    ],
    [
      7.9e-05,
      "ref|NR_037943.1|  Homo sapiens syntaxin 16 (STX16), transcript va...  41.7    1.1  \u001b[m\r\nref|NR_037941.1|  Homo sapiens syntaxin 16 (STX16), transcript va...  41.7    1.1  \u001b[m\r\nref|NR_037942.1|  Homo sapiens syntaxin 16 (STX16), transcript va...  41.7    1.1  \u001b[m\r\nref|NM_001134772.2|  Homo sapiens syntaxin 16 (STX16), transcript...  41.7    1.1  \u001b[m\r\nref|NM_003763.5|  Homo sapiens syntaxin 16 (STX16), transcript va...  41.7    1.1  \u001b[m\r\nref|NM_001134773.2|  Homo sapiens syntaxin 16 (STX16), transcript...  41.7    1.1  \u001b[m\r\nref|NM_001001433.2|  Homo sapiens syntaxin 16 (STX16), transcript...  41.7    1.1  \u001b[m\r\nref|NM_001204868.1|  Homo sapiens syntaxin 16 (STX16), transcript...  41.7    1.1  \u001b[m\r\nref|NM_001004304.3|  Homo sapiens zinc finger protein 740 (ZNF740...  41.7    1.1  \u001b[m\r\nref|NM_001082969.1|  Homo sapiens chromosome 11 open reading fram...  41.7    1.1  \u001b[m\r\nref|NM_001082970.1|  Homo sapiens chromosome 11 open reading fram...  41.7    1.1  \u001b[m\r\nref|NM_018195.3|  Homo sapiens chromosome 11 open readin"
    ],
    [
      9e-06,
      "g frame 5."
    ],
    [
      3.5e-05,
      "..  41.7    1.1  \u001b[m\r\nref|NM_001172897.1|  Homo sapiens caveolin 1, caveolae protein, 2...  41.7    1.1  \u001b[m\r\nref|NM_001172896.1|  Homo sapiens caveolin 1, caveolae protein, 2...  41.7    1.1  \u001b[m\r\nref|NM_001172895.1|  Homo sapiens caveolin 1, caveolae protein, 2...  41.7    1.1  \u001b[m\r\nref|NM_001753.4|  Homo sapiens caveolin 1, caveolae protein, 22kD...  41.7    1.1  \u001b[m\r\nref|NM_006528.2|  Homo sapiens tissue factor pathway inhibitor 2 ...  41.7    1.1  \u001b[m\r\nref|NM_001145306.1|  Homo sapiens cyclin-dependent kinase 6 (CDK6...  41.7    1.1  \u001b[m\r\n\u001b[7mlines 19-53\u001b[27m\u001b[K"
    ],
    [
      2.040166,
      "\r\u001b[K \u001b[KESC\b\b\bESC\u001b[K[\b[\u001b[K6\b6\u001b[K~\b~\r\u001b[Kref|NM_021151.3|  Homo sapiens carnitine O-octanoyltransferase (C...  41.7    1.1  \u001b[m\r\nref|NM_001143935.1|  Homo sapiens carnitine O-octanoyltransferase...  41.7    1.1  \u001b[m\r\nref|NR_024010.1|  Homo sapiens UDP glucuronosyltransferase 2 fami...  41.7    1.1  \u001b[m\r\nref|NM_024743.3|  Homo sapiens UDP glucuronosyltransferase 2 fami...  41.7    1.1  \u001b[m\r\nref|NM_005832.3|  Homo sapiens potassium large conductance calciu...  41.7    1.1  \u001b[m\r\nref|NM_181361.1|  Homo sapiens potassium large conductance calciu...  41.7    1.1  \u001b[m\r\nref|NM_178862.1|  Homo sapiens STT3, subunit of the oligosacchary...  41.7    1.1  \u001b[m\r\nref|NM_004807.2|  Homo sapiens heparan sulfate 6-O-sulfotransfera...  41.7    1.1  \u001b[m\r\nref|NM_145034.4|  Homo sapiens torsin A interacting protein 2 (TO...  41.7    1.1  \u001b[m\r\nref|NM_001199260.1|  Homo sapiens torsin A interacting protein 2 ...  41.7    1.1  \u001b[m\r\nref|XM_001722829.2|  PREDICTED: Homo sapiens hypothetical protein...  39.9    4.1  \u001b[m\r\nref|XR_133371.1| "
    ],
    [
      1.7e-05,
      " PREDICTED: Homo sapiens hypothetical LOC1005072...  39.9    4.1  \u001b[m\r\nref|NM_032973.1|  Homo sapiens protocadherin 11 Y-linked (PCDH11Y...  39.9    4.1  \u001b[m\r\nref|NM_001185063.1|  Homo sapiens zinc finger protein 75D (ZNF75D...  39.9    4.1  \u001b[m\r\nref|NM_007131.3|  Homo sapiens zinc finger protein 75D (ZNF75D), ...  39.9    4.1  \u001b[m\r\nref|NM_001105243.1|  Homo sapiens protocadherin 19 (PCDH19), tran...  39.9    4.1  \u001b[m\r\nref|NM_020766.2|  Homo sapiens protocadherin 19 (PCDH19), transcr...  39.9    4.1  \u001b[m\r\nref|NM_001184880.1|  Homo sapiens protocadherin 19 (PCDH19), tran...  39.9    4.1  \u001b[m\r\n\u001b[7mlines 37-71\u001b[27m\u001b[K"
    ],
    [
      1.383875,
